all_turns,all_peak_times,angle1,angle2,turn_lengths,all_temp_diffs,all_curve,all_casts,all_fnames
-1.2313233487909265,0.13333333333333333,-1.3872989015367523,-2.618622250327679,0.3333333333333333,0.09519795114074014,1.0760151147427899,0,shallow_02-27-2024_10-33.mp4
1.1700778978285307,1.8666666666666667,-0.975305960519858,0.1947719373086727,0.4666666666666667,-0.056508977722891984,1.0059036019946745,0,shallow_02-27-2024_10-33.mp4
-2.4066100730994293,2.6,0.20062740585987626,-2.205982667239553,0.8666666666666667,-0.07021137775844011,1.7088696416692812,0,shallow_02-27-2024_10-33.mp4
-7.28332065021489,13.666666666666666,0.7237923188783206,-0.27634302415698286,2.2,-0.08547644148202238,3.8703535827056488,0,shallow_02-27-2024_10-33.mp4
-1.1414689484892513,23.466666666666665,0.7011185186492455,-0.44035042984000583,0.7333333333333333,-0.08912738327546066,1.3142896946933376,0,shallow_02-27-2024_10-33.mp4
0.7318112786770143,24.066666666666666,-0.41709693448532903,0.3147143441916853,0.3333333333333333,-0.025693403453146857,1.1965043311957348,0,shallow_02-27-2024_10-33.mp4
-1.850095488469222,24.6,0.3490488076879501,-1.501046680781272,0.6,-0.06450175206110842,1.0562644022397452,0,shallow_02-27-2024_10-33.mp4
-2.12799732256925,26.0,-0.8526754725077978,-2.980672795077048,1.2666666666666666,0.2740339672624401,1.0842462481816133,0,shallow_02-27-2024_10-33.mp4
1.1849371615829227,27.0,-2.929254317424544,-1.744317155841621,0.5333333333333333,-0.0035057535322806643,1.2939708985421225,0,shallow_02-27-2024_10-33.mp4
-1.230610987382768,29.133333333333333,2.279377713628083,1.048766726245308,0.5333333333333333,-0.09492910054175141,1.0469735560618088,0,shallow_02-27-2024_10-33.mp4
-3.819549072864625,30.4,1.7531155210351166,-2.0664335518295154,1.2666666666666666,0.02757416636108445,1.2082801670444847,0,shallow_02-27-2024_10-33.mp4
1.6623039444270944,34.266666666666666,-2.8832867816557517,-1.2209828372286573,0.4666666666666667,-0.0173240420306513,2.1980512063656925,0,shallow_02-27-2024_10-33.mp4
-1.4059041457657742,34.86666666666667,-1.1452476722783693,-2.5511518180441435,0.6,0.1275592512210082,1.0771364294847388,0,shallow_02-27-2024_10-33.mp4
1.3697710246142663,35.53333333333333,-2.5249364434868475,-1.1551654188725813,0.5333333333333333,-0.002398184312433216,1.6111138822132294,0,shallow_02-27-2024_10-33.mp4
-1.2793756682075426,36.13333333333333,-1.1341264211586086,-2.4135020893661583,0.6,0.09457731491988852,1.0756966993020678,0,shallow_02-27-2024_10-33.mp4
-3.410893902848237,38.666666666666664,0.9449817205091371,-2.465912182339107,1.3333333333333333,-0.07648289073024728,2.8686222931762093,0,shallow_02-27-2024_10-33.mp4
0.9234524609626407,8.533333333333333,0.40510341671845396,1.3285558776810946,0.4,-0.09154786205450449,1.0334165408095684,0,shallow_02-26-2024_13-47.mp4
-2.913068337510783,9.2,1.290270691920563,-1.6227976455902193,0.8666666666666667,-0.03475470926493074,1.9135114756849454,0,shallow_02-26-2024_13-47.mp4
0.9607698901367683,21.666666666666668,-2.153950849357335,-1.1931809592205669,0.5333333333333333,-0.024055160281044152,1.2161738794822705,0,shallow_02-26-2024_13-47.mp4
-1.3668162054150699,42.13333333333333,0.9467079097684135,-0.4201082956466564,0.6,-0.1217884909390392,1.0176521952218471,0,shallow_02-26-2024_13-47.mp4
1.9424006228637687,42.93333333333333,-0.47895722586407175,1.463443396999697,0.8,-0.14045803210537144,1.4304755218139162,0,shallow_02-26-2024_13-47.mp4
0.8839099459802213,44.666666666666664,0.7347741424648291,1.6186840884450504,0.5333333333333333,0.05399238892685432,1.0478266181213294,0,shallow_02-26-2024_13-47.mp4
0.9383617016947383,54.46666666666667,0.566128374018767,1.5044900757135053,0.5333333333333333,-0.0036948564955068264,1.238188841034068,0,shallow_02-26-2024_13-47.mp4
-0.671111872765124,83.8,1.5342546536589303,0.8631427808938064,0.4,-0.038421441545590795,1.2465315496416944,0,shallow_02-26-2024_13-47.mp4
-1.666281207809261,118.73333333333333,-1.6149522224790402,3.001951876891285,0.7333333333333333,0.11719247908248676,1.524993512919372,0,shallow_02-26-2024_13-47.mp4
1.507011383272049,119.46666666666667,3.0561714920369916,-1.7200024318705456,0.5333333333333333,-0.0124418481209716,1.0029539190922658,0,shallow_02-26-2024_13-47.mp4
-2.8051228052149373,122.66666666666667,-1.891073941207848,1.5869885607568008,2.1333333333333333,0.2163374241469782,1.4537955287594453,0,shallow_02-26-2024_13-47.mp4
-1.0071991126927244,127.53333333333333,2.540792478537842,1.5335933658451175,1.2,-0.01991298026016608,1.0426499739361197,0,shallow_02-26-2024_13-47.mp4
-3.463073695476943,137.46666666666667,1.6105017857802473,-1.852571909696696,0.7333333333333333,-0.028718064553302725,2.301118633645067,0,shallow_02-26-2024_13-47.mp4
-1.4534181485840776,139.53333333333333,1.7828083965102248,0.32939024792614724,0.6,-0.09808336840437448,1.0064066498062327,0,shallow_02-26-2024_13-47.mp4
3.977900881827509,186.06666666666666,-2.263165835613382,1.7147350462141269,1.2,-0.04613285046166027,2.8233685965467057,0,shallow_02-26-2024_13-47.mp4
-1.0168314215472805,187.13333333333333,1.671272295511912,0.6544408739646315,0.8,-0.11239729189679082,1.1719071209044516,0,shallow_02-26-2024_13-47.mp4
-2.8597686629731127,114.73333333333333,-2.537039427461801,0.8863772167446715,2.2,0.03364455488861395,1.2650870001288943,0,shallow_02-26-2024_14-30.mp4
1.3343888192469642,54.86666666666667,1.2773268991353106,2.611715718382275,0.5333333333333333,0.0978992735687001,1.2779681408634362,0,shallow_02-26-2024_15-12.mp4
3.112995027584006,57.06666666666667,-1.4819250562583939,1.631069971325612,0.8666666666666667,-0.10319771340839168,1.593831425246724,0,shallow_02-26-2024_15-12.mp4
-1.0671315528453675,57.86666666666667,1.5796166713531719,0.5124851185078043,0.5333333333333333,-0.09665374348038824,1.0185558449192003,0,shallow_02-26-2024_15-12.mp4
-2.235257712294178,59.13333333333333,0.9242772702391093,-1.3109804420550688,0.6666666666666666,-0.04801524855585626,1.0171684741111247,0,shallow_02-26-2024_15-12.mp4
1.3351461416216495,80.8,-0.6204208870704804,0.7147252545511691,0.8,-0.15992159469036693,1.1601843778485852,0,shallow_02-26-2024_15-12.mp4
1.1399080384887157,0.4666666666666667,-0.4149869681362839,0.7249210703524316,1.0,-0.027858441081182406,1.068467598771935,0,shallow_02-26-2024_16-07.mp4
-1.2401183151009143,8.8,-0.056077167288900664,-1.2961954823898147,1.4666666666666666,0.0044556052216861985,1.162376373722768,0,shallow_02-26-2024_16-07.mp4
1.2206903783037149,15.133333333333333,0.9423587288655311,2.163049107169246,0.8666666666666667,0.0827503627314563,1.029164417775568,0,shallow_02-26-2024_16-07.mp4
-1.0714919306506845,28.266666666666666,0.5917544889479256,-0.4797374417027589,0.5333333333333333,-0.03898098786691051,1.4891640547093108,0,shallow_02-26-2024_16-07.mp4
-1.3742620132048042,29.733333333333334,0.4196123823130993,-0.954649630891705,0.8666666666666667,-0.10277747125680747,1.3075628336174874,0,shallow_02-26-2024_16-07.mp4
0.9956104292944836,32.13333333333333,1.7719555852097386,2.7675660145042222,0.26666666666666666,0.04756222383459274,1.0664205900601984,0,shallow_02-26-2024_16-07.mp4
-1.577059641017609,77.26666666666667,1.6495515884529546,0.0724919474353456,1.2666666666666666,-0.13340250951898014,1.3308227432164847,0,shallow_02-26-2024_16-07.mp4
-1.0433847112238173,0.8666666666666667,-1.0157782286444412,-2.0591629398682585,0.5333333333333333,0.060659910839046205,1.0370846105628786,0,gradient_10-22-2020_15-59.mp4
-1.4903080206980412,51.8,-3.0921687958563027,1.7007084906252423,0.8,-0.027284861891494927,1.004722987582991,0,gradient_10-22-2020_15-59.mp4
-0.9649030423308851,52.666666666666664,1.8726832776412294,0.9077802353103444,0.4666666666666667,-0.04712381668862875,1.1508357634632984,0,gradient_10-22-2020_15-59.mp4
1.204656713398471,53.2,0.9312321565880382,2.135888869986509,0.4666666666666667,0.05949107917741259,1.1079056982908935,0,gradient_10-22-2020_15-59.mp4
-4.124630667205086,71.8,-2.870692819357295,-0.7121381793827943,1.8,0.1336777147249677,2.2828254531251257,0,gradient_10-22-2020_15-59.mp4
-0.8306740307013207,73.8,2.467303555064486,1.6366295243631654,0.3333333333333333,-0.02229357431804857,1.0149461081390307,0,gradient_10-22-2020_15-59.mp4
1.0769684939244222,74.26666666666667,1.7889776468829623,2.8659461408073845,0.4666666666666667,0.06478267964128293,1.03642703838208,0,gradient_10-22-2020_15-59.mp4
2.644188215310834,79.26666666666667,-0.4418945045510938,2.20229371075974,1.1333333333333333,-0.016559419099554162,1.3503421064807373,0,gradient_10-22-2020_15-59.mp4
-1.1217864740930032,80.2,2.2263614544069092,1.104574980313906,0.6,-0.07127816332844361,1.0730845108728044,0,gradient_10-22-2020_15-59.mp4
0.891737661344628,91.8,1.0645934606912846,1.9563311220359125,0.4666666666666667,0.02176423597841648,1.2557197089250023,0,gradient_10-22-2020_15-59.mp4
-1.1592485366024938,92.4,1.9774818581752314,0.8182333215727375,0.5333333333333333,-0.09133984666192774,1.0475564398767983,0,gradient_10-22-2020_15-59.mp4
-1.6499276368253888,108.4,0.05861897322744625,-1.5913086635979425,1.6,-0.0678193916215335,1.3708645283015817,0,gradient_10-22-2020_15-59.mp4
-0.905712520925146,179.0,0.765699218374909,-0.14001330255023703,0.5333333333333333,-0.09965223026161496,1.093440005420941,0,gradient_10-22-2020_15-59.mp4
1.5814837363191003,180.4,-0.38822053629777287,1.1932632000213275,0.6,-0.044563275272768266,1.1821287728425716,0,gradient_10-22-2020_15-59.mp4
-1.0606689127387092,181.06666666666666,1.2057782633139382,0.145109350575229,0.5333333333333333,-0.11437695672800174,1.0936017931235174,0,gradient_10-22-2020_15-59.mp4
-0.805958299879979,1.4,-0.5717350723466517,-1.3776933722266307,0.4,-0.0024839748987055543,1.1177015831101216,0,shallow_03-04-2024_12-39.mp4
1.1985306918755754,4.8,-2.186422682810095,-0.9878919909345196,0.6,-0.06278623282732099,1.0774776912849995,0,shallow_03-04-2024_12-39.mp4
-1.242518692459952,5.466666666666667,-0.998456240897923,-2.240974933357875,0.5333333333333333,0.05298375861283944,1.1582865556521005,0,shallow_03-04-2024_12-39.mp4
1.7139420881635763,6.133333333333334,-2.28088083459192,-0.5669387464283435,0.7333333333333333,-0.10133722773020537,1.227025106311833,0,shallow_03-04-2024_12-39.mp4
0.9175676736619058,13.266666666666667,-0.9863325528328026,-0.06876487917089769,0.4666666666666667,-0.09813438365621252,1.0301671359709865,0,shallow_03-04-2024_12-39.mp4
-3.36787949992246,46.266666666666666,-1.5514156818900948,1.363890125367031,2.3333333333333335,0.028387070941359838,1.4354160137911474,0,gradient_10-22-2020_17-21.mp4
-4.135646476662399,72.2,-0.30066531848534517,1.8468735120318422,2.4,0.21837972695294638,1.3973453499205746,0,gradient_10-22-2020_17-21.mp4
-3.0813919128898934,92.06666666666666,-1.4588740915450114,1.7429193027446814,1.7333333333333334,0.14566335948784115,1.6460575099282144,0,gradient_10-22-2020_17-21.mp4
1.0377893120878028,96.53333333333333,2.06996137704337,3.107750689131173,0.6666666666666666,0.08810676722528754,1.2363008949499492,0,gradient_10-22-2020_17-21.mp4
2.553051505716885,101.13333333333334,-1.5975322431991454,0.9555192625177398,1.0666666666666667,-0.12179617783300856,1.3328177714549707,0,gradient_10-22-2020_17-21.mp4
-0.9584288230729676,103.4,1.736184164139119,0.7777553410661513,0.4666666666666667,-0.054500812237030516,1.1397382381347414,0,gradient_10-22-2020_17-21.mp4
1.562354340539259,104.0,0.7685655929394892,2.3309199334787483,0.6,0.07749042685248142,1.15987822420156,0,gradient_10-22-2020_17-21.mp4
-1.3319196160487499,139.53333333333333,0.8631879109460767,-0.46873170510267315,0.6666666666666666,-0.09029686015587401,1.0269981321584547,0,gradient_10-22-2020_17-21.mp4
1.8872193468110705,140.2,-0.48329675206923195,1.4039225947418386,0.5333333333333333,0.029581125082231097,1.050587964775296,0,gradient_10-22-2020_17-21.mp4
-1.3685913320476581,140.73333333333332,1.4677965961107278,0.09920526406306962,0.4666666666666667,-0.08340598010195777,1.1701845717460115,0,gradient_10-22-2020_17-21.mp4
2.2741648971186263,158.8,-2.908654690172643,-0.6344897930540165,0.6666666666666666,0.008522757801788572,4.061853846821986,0,gradient_10-22-2020_17-21.mp4
1.3085637562837054,285.53333333333336,-0.28211390858780483,1.0264498476959005,0.8666666666666667,-0.17887328807263358,1.1892882762287822,0,gradient_10-22-2020_17-21.mp4
-1.5977989728775697,286.46666666666664,0.9755369805484158,-0.6222619923291539,0.8,-0.12278620339294122,1.1333726279182061,0,gradient_10-22-2020_17-21.mp4
-1.4658626140616153,290.2,1.1954682260772103,-0.27039438798440507,0.7333333333333333,-0.10585973602350762,1.1361783773893082,0,gradient_10-22-2020_17-21.mp4
-1.3639337634654822,26.533333333333335,0.4010921788080637,-0.9628415846574185,0.9333333333333333,-0.09015206395253017,1.2248447719863793,0,gradient_11-04-2020_17-28.mp4
-3.8367371462081437,67.33333333333333,-2.836629977327089,-0.3901818163556463,2.2,-0.17423061233618142,1.2644240710046706,0,gradient_11-04-2020_17-28.mp4
-6.040401904147604,76.2,1.129595359553516,1.3723787625854982,3.2666666666666666,-0.27418114464768806,2.472330977591185,0,gradient_11-04-2020_17-28.mp4
0.9529695574417261,103.0,-1.7342018549055567,-0.7812322974638306,0.4666666666666667,-0.029719607829665762,1.576478185767266,0,gradient_11-04-2020_17-28.mp4
-2.3324735620772543,113.46666666666667,0.725957851230433,-1.6065157108468213,1.4666666666666666,-0.014585826389573953,1.026116121605402,0,gradient_11-04-2020_17-28.mp4
1.41209610498343,142.66666666666666,-1.7413082651914138,-0.32921216020798383,1.2666666666666666,-0.11128993464759773,1.0993871286415045,0,gradient_11-04-2020_17-28.mp4
1.0345713207136207,155.93333333333334,-0.3038004598881159,0.7307708608255048,0.5333333333333333,-0.055437524990836096,1.2700855821204884,0,gradient_11-04-2020_17-28.mp4
-1.7067117249652526,156.8,0.7483594055917848,-0.9583523193734678,1.1333333333333333,-0.18046994274970274,1.1398225552650993,0,gradient_11-04-2020_17-28.mp4
-1.154449092914998,158.13333333333333,-0.44814559631250717,-1.6025946892275051,0.4666666666666667,0.0005266492701956338,1.1085432099856414,0,gradient_11-04-2020_17-28.mp4
1.7368288659453839,158.73333333333332,-1.6143924431132248,0.12243642283215905,0.6,-0.11151144876531305,1.0854570065271054,0,gradient_11-04-2020_17-28.mp4
-1.5320474710916692,159.6,0.11784052223308095,-1.4142069488585882,1.0,-0.19634852719672224,1.0923205276815589,0,gradient_11-04-2020_17-28.mp4
1.477693624453984,160.53333333333333,-1.4221061677332187,0.05558745672076526,0.6666666666666666,-0.1289358671923324,1.4211426583854143,0,gradient_11-04-2020_17-28.mp4
-1.8204589782290057,161.26666666666668,0.048210377643272295,-1.7722486005857334,0.7333333333333333,0.022557665924818338,1.059958916083239,0,gradient_11-04-2020_17-28.mp4
1.5788897014062506,162.0,-1.7750955965626396,-0.19620589515638898,0.5333333333333333,-0.0615953636211195,1.547667464883274,0,gradient_11-04-2020_17-28.mp4
-1.4866139547770914,162.6,-0.21548602135678507,-1.7020999761338764,0.5333333333333333,0.018180336497195526,1.1946310316673756,0,gradient_11-04-2020_17-28.mp4
-1.4509540602678825,208.6,0.23358180216546032,-1.2173722581024222,0.8666666666666667,-0.007675078304067995,1.0010452189097205,0,gradient_11-04-2020_17-28.mp4
-1.7299919331947287,212.4,2.917231030425704,1.1872390972309752,1.1333333333333333,-0.03842837196607718,1.0445274058280924,0,gradient_11-04-2020_17-28.mp4
-1.2191824701736849,238.86666666666667,0.14663497599347863,-1.0725474941802062,0.7333333333333333,-0.12811285540864858,1.1316666615930302,0,gradient_11-04-2020_17-28.mp4
1.1863355338385873,240.66666666666666,-0.7220020235743974,0.4643335102641899,0.6,-0.10213875582613952,1.0807861657498652,0,gradient_11-04-2020_17-28.mp4
2.208541728688459,0.26666666666666666,-2.3491520422104806,-0.14061031352202136,0.6,-0.12764748144159554,1.1764840518169208,0,gradient_10-22-2020_17-33.mp4
-1.178345148734678,8.666666666666666,-0.47608826824685835,-1.6544334169815365,0.9333333333333333,0.013465565903445054,1.0822004335921596,0,gradient_10-22-2020_17-33.mp4
-1.7658806755404726,27.266666666666666,-1.5017464938387697,3.015558137800344,1.2,0.10110260136601212,1.2372069402956922,0,gradient_10-22-2020_17-33.mp4
4.053784528552995,29.066666666666666,2.9915342805035756,0.7621335018769848,2.2666666666666666,-0.08989221411507131,2.5949803743956306,0,gradient_10-22-2020_17-33.mp4
1.877419472767997,31.066666666666666,0.5831187396777828,2.4605382124457797,0.7333333333333333,0.050942360939519205,1.3271489616475878,0,gradient_10-22-2020_17-33.mp4
-3.0023746072650113,31.933333333333334,2.467221011510201,-0.5351535957548101,0.8666666666666667,-0.16443498448666105,1.0759111866747326,0,gradient_10-22-2020_17-33.mp4
-1.3743457567599506,35.06666666666667,1.026565352350982,-0.34778040440896874,0.6,-0.11683558080128975,1.1577780696331799,0,gradient_10-22-2020_17-33.mp4
-0.890053267427291,36.93333333333333,0.8559530816975887,-0.034100185729702304,0.4666666666666667,-0.09217889105212151,1.0760145305099689,0,gradient_10-22-2020_17-33.mp4
1.9778895554151177,37.8,-0.0556639951325657,1.922225560282552,1.1333333333333333,-0.06623492667043251,1.2429696670931016,0,gradient_10-22-2020_17-33.mp4
-1.6717858351627655,38.8,1.9222613525351555,0.25047551737239004,0.6666666666666666,-0.10920726319614005,1.1280805405574057,0,gradient_10-22-2020_17-33.mp4
-1.63729528169182,45.06666666666667,1.7464352962850818,0.10914001459326172,0.6666666666666666,-0.12334619805178448,1.2488114036350708,0,gradient_10-22-2020_17-33.mp4
-1.4152242103313881,48.266666666666666,1.720208362459811,0.3049841521284229,0.8666666666666667,-0.13743032864610072,1.1167878833462315,0,gradient_10-22-2020_17-33.mp4
0.9747384351095008,49.06666666666667,0.29989585686494635,1.274634291974447,0.5333333333333333,-0.004227385373344106,1.0216642430133414,0,gradient_10-22-2020_17-33.mp4
1.648028426158227,50.86666666666667,-0.6002101751155813,1.0478182510426528,0.8666666666666667,-0.035683218475863754,1.0265279553410815,0,gradient_10-22-2020_17-33.mp4
2.6377194201522514,78.46666666666667,-1.7034134382237234,0.934305981928528,2.0,-0.3573775170748448,1.6943924484079245,0,gradient_10-22-2020_17-33.mp4
1.095207050422946,10.133333333333333,-1.0864455921870046,0.008761458235941433,0.8666666666666667,-0.2602070287640714,1.1764497393201063,0,gradient_10-22-2020_17-09.mp4
-4.118782621722385,29.466666666666665,-2.7435628151258165,-0.5791601296686153,1.3333333333333333,-0.12953694778104818,1.577505554502604,0,gradient_10-22-2020_17-09.mp4
-1.5846244981915696,54.8,0.006302644736056351,-1.5783218534555132,1.1333333333333333,0.04048150574464415,1.151174836787002,0,gradient_10-22-2020_17-09.mp4
1.242292688113535,81.13333333333334,-0.2340160312778803,1.0082766568356547,1.0,-0.008144854646257471,1.012117246646857,0,gradient_10-22-2020_17-09.mp4
1.5005546686993139,82.46666666666667,0.7962485791457716,2.2968032478450873,0.6666666666666666,0.07195673937685498,1.0270803495556293,0,gradient_10-22-2020_17-09.mp4
-1.7400303090704092,83.2,2.3071909972803546,0.5671606882099454,0.7333333333333333,-0.07576530789192759,1.1464726739628157,0,gradient_10-22-2020_17-09.mp4
-1.2501014820195095,86.4,0.23145422967555618,-1.0186472523439534,0.6666666666666666,-0.14938972586846333,1.2548326123832485,0,gradient_10-22-2020_17-09.mp4
1.7125060672673431,88.0,-1.0479522935480965,0.6645537737192448,1.0666666666666667,-0.306441907600135,1.276684795020042,0,gradient_10-22-2020_17-09.mp4
2.03113995263201,0.6,0.433742897380025,2.464882850012028,1.2,0.16262401951131977,1.2466267131132074,0,gradient_11-04-2020_15-58.mp4
-2.6363835991906015,1.6666666666666667,2.387595099869653,-0.24878849932094127,0.8666666666666667,-0.10691364818494264,1.0555932029250674,0,gradient_11-04-2020_15-58.mp4
-1.3888214010542441,6.066666666666666,0.9237149889116871,-0.465106412142557,0.5333333333333333,-0.03349299562631103,1.034029690907211,0,gradient_11-04-2020_15-58.mp4
0.8545734631408024,7.533333333333333,0.1607759054047655,1.015349368545575,0.4666666666666667,-0.031291368785126394,1.144512893578819,0,gradient_11-04-2020_15-58.mp4
1.352072012435606,8.866666666666667,-0.47955373895350917,0.872518273482104,0.5333333333333333,-0.06380486778254735,1.0821210524075626,0,gradient_11-04-2020_15-58.mp4
-1.2437330962007636,9.466666666666667,0.8379929302859246,-0.4057401659148461,0.5333333333333333,-0.04799342322836253,1.018972579567587,0,gradient_11-04-2020_15-58.mp4
2.4580949720417493,29.266666666666666,-0.4159947404616666,2.0421002315800827,0.6666666666666666,-0.027260764802193194,1.0248701223414967,0,gradient_11-04-2020_15-58.mp4
-1.3570962855622284,44.666666666666664,0.7670628007126119,-0.5900334848496094,0.6666666666666666,-0.08303258967500327,1.2517802992763722,0,gradient_11-04-2020_15-58.mp4
0.7106018020149065,50.53333333333333,-0.45368737760945166,0.25691442440545487,0.3333333333333333,-0.019842736975469677,1.0337372597064451,0,gradient_11-04-2020_15-58.mp4
-1.1034621888081588,58.8,-0.46597852818596763,-1.5694407169941194,0.6,0.025445989632139288,1.112380041136809,0,gradient_11-04-2020_15-58.mp4
1.1890716475267382,122.46666666666667,-1.1893957276139666,-0.00032408008723550097,0.8,-0.18327332780375372,1.0967438254043258,0,gradient_11-04-2020_15-58.mp4
-1.0036984298756408,179.66666666666666,1.2056246109394841,0.2019261810638433,0.6666666666666666,-0.16356052479544303,1.092332951528852,0,gradient_11-04-2020_15-58.mp4
0.991675561208722,1.0666666666666667,0.2157205976897716,1.2073961588984936,0.4666666666666667,-0.037949144399355816,1.2116190123846673,0,gradient_10-22-2020_15-20.mp4
1.0867492858789287,8.2,0.6697761686592907,1.7565254545382194,0.4,0.03352117514190667,1.0254010383120784,0,gradient_10-22-2020_15-20.mp4
1.345894896041811,10.6,1.2254418469333324,2.5713367429751433,1.0666666666666667,0.0673360525401101,1.2941956137975117,0,gradient_10-22-2020_15-20.mp4
1.1093533869745205,12.8,1.261669826685801,2.3710232136603215,0.4666666666666667,0.05793997595888811,1.1383548944772288,0,gradient_10-22-2020_15-20.mp4
-1.16184260748114,13.333333333333334,2.330817509041771,1.168974901560631,0.4666666666666667,-0.05689608222909115,1.0059603564889041,0,gradient_10-22-2020_15-20.mp4
1.1795181664246632,16.0,0.46324597500708453,1.6427641414317478,0.4666666666666667,0.025890144803707216,1.1096244239503914,0,gradient_10-22-2020_15-20.mp4
-1.3635448394422323,16.533333333333335,1.5906267709746658,0.2270819315324335,0.4666666666666667,-0.09064936004498847,1.1429574359409072,0,gradient_10-22-2020_15-20.mp4
-1.602490995378516,18.133333333333333,1.1753957964463018,-0.42709519893221426,1.0666666666666667,-0.1790661408091232,1.1434985090442327,0,gradient_10-22-2020_15-20.mp4
2.284361658343717,19.2,-0.46252142092751924,1.8218402374161977,0.9333333333333333,-0.016807721478780735,1.2312398389286285,0,gradient_10-22-2020_15-20.mp4
-1.3233657416368345,20.0,1.8411266391546013,0.5177608975177668,0.5333333333333333,-0.06379112349187466,1.3229401701380432,0,gradient_10-22-2020_15-20.mp4
1.3217647440099123,45.8,-0.9564771189117725,0.36528762509813983,0.7333333333333333,-0.15907496607665905,1.14953703898239,0,gradient_10-22-2020_15-20.mp4
1.313943080386939,48.13333333333333,-0.3788787013122814,0.9350643790746576,0.6,-0.08333930825329361,1.182726685010389,0,gradient_10-22-2020_15-20.mp4
-1.659120092497795,48.86666666666667,0.9532096831223589,-0.705910409375436,0.7333333333333333,-0.0635717423988531,1.3427160707250523,0,gradient_10-22-2020_15-20.mp4
5.062989356905733,171.53333333333333,1.4090662523225497,0.18887030204869681,1.8,-0.26582389289550434,1.5369155953989544,0,gradient_10-22-2020_15-20.mp4
2.1092291142054913,175.53333333333333,-0.7037356588127697,1.4054934553927216,1.5333333333333334,-0.14301121538761663,1.3340640191328024,0,gradient_10-22-2020_15-20.mp4
-2.8454518206151835,176.73333333333332,1.4010926670745523,-1.4443591535406313,0.7333333333333333,-0.030760557207095474,1.610404785521963,0,gradient_10-22-2020_15-20.mp4
1.8625533630721485,177.6,-1.4660641142110462,0.39648924886110226,0.8666666666666667,-0.15996047471273656,1.1438551744614445,0,gradient_10-22-2020_15-20.mp4
1.2320886551425065,180.53333333333333,-0.5107981812984974,0.7212904738440091,0.8666666666666667,-0.15610398096630718,1.2244159024524803,0,gradient_10-22-2020_15-20.mp4
1.2610424234587778,14.2,-0.6577472427592812,0.6032951806994968,0.7333333333333333,-0.02239430993698477,1.0805639269562992,0,gradient_10-22-2020_16-11.mp4
-1.192473911439639,27.0,1.061030961998794,-0.13144294944084534,0.5333333333333333,-0.09635810502127384,1.1896407528918145,0,gradient_10-22-2020_16-11.mp4
1.4796626975134446,27.666666666666668,-0.15749821695135946,1.3221644805620851,0.7333333333333333,-0.05012993313011904,1.171384627565468,0,gradient_10-22-2020_16-11.mp4
-1.2730250816487183,29.266666666666666,1.5371765042069105,0.264151422558192,0.5333333333333333,-0.08138202991189303,1.1001700263076413,0,gradient_10-22-2020_16-11.mp4
1.150499118548292,29.866666666666667,0.27979362256495355,1.4302927411132451,0.5333333333333333,-0.018632793172024265,1.0234547978297284,0,gradient_10-22-2020_16-11.mp4
-1.1262773493776268,30.466666666666665,1.399713492545155,0.27343614316752873,0.5333333333333333,-0.11177127712668877,1.1523320126194614,0,gradient_10-22-2020_16-11.mp4
-0.8147678048727371,31.466666666666665,1.0502763097331211,0.235508504860384,0.4666666666666667,-0.08846639224454123,1.103243386483786,0,gradient_10-22-2020_16-11.mp4
-1.1014769560106188,33.06666666666667,0.8240093210094948,-0.27746763500112426,0.6,-0.09591294934025285,1.3116639027877657,0,gradient_10-22-2020_16-11.mp4
-1.3174971096715038,81.46666666666667,0.18688611457762683,-1.1306109950938774,0.7333333333333333,-0.03214711774575818,1.4034200849189473,0,gradient_10-22-2020_16-11.mp4
2.8599884318012077,299.4,-1.6064693428511383,1.2535190889500694,1.9333333333333333,-0.25047456342460706,1.713761889215172,0,gradient_10-22-2020_16-11.mp4
-0.9379939540336653,300.73333333333335,1.2227079502419747,0.2847139962083092,0.5333333333333333,-0.10838709271353864,1.144319206307129,0,gradient_10-22-2020_16-11.mp4
-2.5508123511143364,302.53333333333336,1.2887440629196032,-1.2620682881947334,1.7333333333333334,-0.290021969824668,1.2864797414458828,0,gradient_10-22-2020_16-11.mp4
2.3163237424150656,304.46666666666664,-1.2791926190101603,1.0371311234049054,2.0,-0.5983805918224903,1.2085267696401973,0,gradient_10-22-2020_16-11.mp4
-2.511432330898366,306.2,1.0857589550954163,-1.4256733758029496,1.4,-0.1377100047991462,1.580876669868749,0,gradient_10-22-2020_16-11.mp4
2.5130037432961165,307.6666666666667,-1.463851809515833,1.0491519337802835,1.3333333333333333,-0.21727997502031116,1.632087433258801,0,gradient_10-22-2020_16-11.mp4
-1.894526208661305,310.2,0.7829980063721238,-1.1115282022891813,0.7333333333333333,-0.10487996449479198,1.411897538547758,0,gradient_10-22-2020_16-11.mp4
2.1948165810520113,312.06666666666666,-1.0862771294429905,1.1085394516090208,1.1333333333333333,-0.0901953676321412,1.0274699912593777,0,gradient_10-22-2020_16-11.mp4
1.9375765340393034,318.1333333333333,-0.9741044218757118,0.9634721121635916,0.9333333333333333,-0.15990476882838323,1.4040720628613073,0,gradient_10-22-2020_16-11.mp4
-1.8800451382472023,319.06666666666666,0.9772178087089589,-0.9028273295382441,0.8,-0.10648519103503773,1.3390360625092599,0,gradient_10-22-2020_16-11.mp4
2.551155758380582,82.0,0.772263100858428,-2.959766447940577,1.6666666666666667,0.15578539704040395,1.367482419852279,0,shallow_03-04-2024_11-28.mp4
1.9220282818719383,101.46666666666667,0.09673067656687628,2.018758958438813,0.8,-0.05936098293469172,1.276612250085601,0,shallow_03-04-2024_11-28.mp4
1.5007507546357743,103.6,0.5576051852644106,2.058355939900185,1.1333333333333333,-0.06039504822167174,1.3607323136886094,0,shallow_03-04-2024_11-28.mp4
-1.1593085943192385,109.2,2.342644457278748,1.1833358629595097,0.6,-0.04049568454273356,1.1960019045133026,0,shallow_03-04-2024_11-28.mp4
-1.7511024035582068,111.53333333333333,2.197139432538801,0.4460370289805944,0.8,-0.09181564693467692,1.5350933339150825,0,shallow_03-04-2024_11-28.mp4
2.2757424707752953,115.06666666666666,0.4562657860954573,2.7320082568707527,1.6,0.08993179095985937,1.3039651742171712,0,shallow_03-04-2024_11-28.mp4
1.4500876427442897,118.33333333333333,-0.3230346867493594,1.1270529559949303,0.8666666666666667,-0.1002271722095216,1.4253706052885318,0,shallow_03-04-2024_11-28.mp4
2.218239554026269,121.4,1.0137071748175615,-3.051238578335756,2.1333333333333333,0.09509945578224688,1.288053594099677,0,shallow_03-04-2024_11-28.mp4
-2.380981233638174,122.93333333333334,-3.0335786950484938,0.8686253784929185,0.8,-0.05190270019066645,1.4732177216333624,0,shallow_03-04-2024_11-28.mp4
1.272192084473783,123.86666666666666,0.8610519892027071,2.13324407367649,1.0,0.0357035316564307,1.0644045965242874,0,shallow_03-04-2024_11-28.mp4
0.8930355772216352,224.2,-0.8632327599456957,0.029802817275939475,0.6,-0.1278471906723162,1.0697011734941941,0,shallow_03-04-2024_11-28.mp4
-1.1624306809281748,258.3333333333333,0.4560579185753575,-0.7063727623528173,0.6,-0.07856513265071641,1.45273660867847,0,shallow_03-04-2024_11-28.mp4
-2.0937359429724545,313.3333333333333,1.479650148161653,-0.6140857948108014,2.066666666666667,-0.38992548344883815,1.1129016419794946,0,shallow_03-04-2024_11-28.mp4
1.1740020635721464,316.53333333333336,-0.012226087219268322,1.161775976352878,0.7333333333333333,-0.12506404377996816,1.141030117907109,0,shallow_03-04-2024_11-28.mp4
0.9969933363524057,8.8,-0.731163481339983,0.26582985501242273,0.6,-0.14323903481256295,1.1067884661779916,0,gradient_10-21-2020_16-15.mp4
1.4000627212240133,39.6,-0.5214101435408312,0.878652577683182,0.9333333333333333,-0.08525666299646417,1.119544177747099,0,gradient_10-21-2020_16-15.mp4
-1.5797262136439991,41.06666666666667,0.9717333933748877,-0.6079928202691116,0.7333333333333333,-0.06879072339282999,1.1156391708458662,0,gradient_10-21-2020_16-15.mp4
-1.0567659448984579,108.33333333333333,-1.1262458032130294,-2.183011748111487,0.5333333333333333,0.06796695776879602,1.1445171652139354,0,gradient_10-21-2020_16-15.mp4
5.338327754348068,297.3333333333333,1.7882473048515024,0.8433897520199847,2.0,0.08375554462210033,2.260919413235198,0,gradient_10-21-2020_16-15.mp4
-1.0876065824539891,354.8,0.523123273933523,-0.5644833085204661,0.7333333333333333,-0.1952290586975387,1.0882203956592549,0,gradient_10-21-2020_16-15.mp4
-1.1215287678681065,428.0,2.4676074332762674,1.346078665408161,0.6666666666666666,-0.03867014465122409,1.1165084197458228,0,gradient_10-21-2020_16-15.mp4
-1.0685988737398842,428.8666666666667,1.4580006509916483,0.3894017772517637,0.7333333333333333,-0.18439170230092827,1.1184877676843346,0,gradient_10-21-2020_16-15.mp4
-1.1519474398333482,430.93333333333334,1.1887169824271924,0.03676954259384413,0.6666666666666666,-0.16701000362058593,1.1607640787845508,0,gradient_10-21-2020_16-15.mp4
-1.2596779633905149,433.6666666666667,0.6652843707452347,-0.5943935926452801,0.6666666666666666,-0.16288617567836994,1.110898329420059,0,gradient_10-21-2020_16-15.mp4
-1.4512677919978212,438.26666666666665,0.2433467231996267,-1.2079210687981945,0.9333333333333333,-0.18693994601547814,1.2747953908229852,0,gradient_10-21-2020_16-15.mp4
2.337152032487432,10.066666666666666,-0.8918871518130942,1.4452648806743378,2.6666666666666665,-0.1362391128656668,1.856544536348005,0,shallow_02-27-2024_13-43.mp4
-1.0503080718998148,11.733333333333333,1.5065961671128782,0.456288095213063,0.5333333333333333,-0.0859762665030388,1.0717084499538467,0,shallow_02-27-2024_13-43.mp4
2.9570358609193854,12.8,0.4230224181456692,-2.9031270281145316,1.5333333333333334,0.10593939527022656,1.6335716166330863,0,shallow_02-27-2024_13-43.mp4
3.295684716193016,17.2,-2.964679897090898,0.33100481910211954,2.066666666666667,-0.17520957287280226,1.590529954148516,0,shallow_02-27-2024_13-43.mp4
3.8253305135521796,25.266666666666666,0.5833995017269338,-1.8744552919004729,3.2,0.14751108377756594,2.616254820975328,0,shallow_02-27-2024_13-43.mp4
1.0125225173175032,29.2,-2.6683767650441403,-1.6558542477266371,0.5333333333333333,-0.015912849980310284,1.0462143873703422,0,shallow_02-27-2024_13-43.mp4
2.310337923400404,30.8,-2.0385657844219853,0.27177213897841845,1.6,-0.19179797506137675,1.1086403784895327,0,shallow_02-27-2024_13-43.mp4
1.3448923262416397,38.13333333333333,0.13322790030052722,1.478120226542167,1.0666666666666667,-0.0681996456097167,1.359321025890905,0,shallow_02-27-2024_13-43.mp4
-1.2468956241855889,39.13333333333333,1.4424960990756936,0.19560047489010302,0.8666666666666667,-0.10016173658713612,1.0190771158730598,0,shallow_02-27-2024_13-43.mp4
1.3357653212394958,56.733333333333334,-1.202396446751397,0.13336887448809875,0.6666666666666666,-0.0811208936606107,1.010071193105232,0,shallow_02-27-2024_13-43.mp4
2.8063608070350483,58.6,-0.07963143504039039,2.726729371994658,2.2666666666666666,-0.005948171264392954,1.7156011306550385,0,shallow_02-27-2024_13-43.mp4
3.6169015363540424,63.93333333333333,2.372294671708918,-0.29398909911662585,3.1333333333333333,0.08617764223291857,2.0669069353133236,0,shallow_02-27-2024_13-43.mp4
1.6051404559957732,70.4,-0.8922114898745868,0.7129289661211864,0.8666666666666667,-0.10321390667240138,1.0137347787284696,0,shallow_02-27-2024_13-43.mp4
-1.1995770898004352,167.06666666666666,2.0798330261997044,0.8802559363992764,1.2,-0.11730680577483454,1.0622799473755071,0,shallow_02-27-2024_13-43.mp4
-1.106001409952359,1.2,1.330185523575758,0.22418411362339885,0.6,-0.12261378374503096,1.1601802699523844,0,shallow_03-04-2024_12-17.mp4
-3.8328902612991564,29.733333333333334,1.688227759651463,-2.1446625016476935,2.2,-0.08483605427968399,1.3785228663300537,0,shallow_03-04-2024_12-17.mp4
0.9091507112894308,31.133333333333333,-2.1681162164679355,-1.2589655051785047,0.4666666666666667,-0.013820567116532345,1.308801672832128,0,shallow_03-04-2024_12-17.mp4
-1.2743588404336796,31.733333333333334,-1.2762751654306845,-2.550634005864364,0.6,0.12270996004691881,1.1073784099645922,0,shallow_03-04-2024_12-17.mp4
1.2083251103258805,32.4,-2.5250911179691355,-1.316766007643255,0.5333333333333333,-0.006973467476207418,1.2927797523349247,0,shallow_03-04-2024_12-17.mp4
1.252058464608477,34.06666666666667,-2.5417330103750264,-1.2896745457665495,0.6666666666666666,-0.009104150642528452,1.1426040668985116,0,shallow_03-04-2024_12-17.mp4
-2.066895277028662,44.4,0.04930618034854861,-2.0175890966801133,0.8,0.06966018098327353,1.0573717368376927,0,shallow_03-04-2024_12-17.mp4
-2.2234748200963237,53.93333333333333,0.902485129493857,-1.3209896906024667,1.4,-0.2122801661318121,1.6906744104490214,0,shallow_03-04-2024_12-17.mp4
-2.2398339240203793,3.7333333333333334,1.4184526804771966,-0.8213812435431826,1.4666666666666666,-0.22051166429920244,1.0423025659300578,0,shallow_02-26-2024_13-01.mp4
1.0758651923506246,10.0,-1.90344025772289,-0.8275750653722653,0.5333333333333333,-0.035129839172959976,1.262624924935263,0,shallow_02-26-2024_13-01.mp4
-1.4482612814527105,10.6,-0.855101572542937,-2.3033628539956474,0.6,0.10644279390682954,1.0759254724560505,0,shallow_02-26-2024_13-01.mp4
3.131840377508916,30.466666666666665,-0.12458801124000018,3.007252366268917,1.0,-0.11284954373459044,3.2587530917804552,0,shallow_02-26-2024_13-01.mp4
-1.5376150788993552,38.46666666666667,2.014061775405569,0.47644669650621374,0.8,-0.0794772928727383,1.4334568805004795,0,shallow_02-26-2024_13-01.mp4
2.592954349249636,39.2,0.4337649128028911,3.026719262052527,0.5333333333333333,0.05152753498995111,1.567964159554673,0,shallow_02-26-2024_13-01.mp4
-1.5368305564086526,39.733333333333334,3.0843754801473686,1.547544923738716,0.4,-0.022268847236098566,1.0432676664637108,0,shallow_02-26-2024_13-01.mp4
1.0300246636289323,67.8,0.7786422735193561,1.808666937148292,0.5333333333333333,0.029487480608960226,1.1247518459079762,0,shallow_02-26-2024_13-01.mp4
2.4629097481113433,90.86666666666666,1.1204347661147693,-2.6998407929534736,0.6,0.1065289087749619,1.164041545763178,0,shallow_02-26-2024_13-01.mp4
4.070756666712732,92.2,-3.022281760357579,1.0484749063551533,1.4666666666666666,-0.12426826683939751,1.3431987523787023,0,shallow_02-26-2024_13-01.mp4
-4.013323898768693,0.4666666666666667,0.7795950290306966,3.04945643744159,0.9333333333333333,-0.009268981166030699,1.6632525248729058,0,shallow_03-04-2024_10-46.mp4
3.096686575871276,1.2666666666666666,3.015127589291378,-0.17137114201693215,0.5333333333333333,-0.17319055891606894,1.0762487500398568,0,shallow_03-04-2024_10-46.mp4
-3.5820496810705773,3.2,2.732780958402989,-0.8492687226675883,0.6666666666666666,-0.09320511483185356,1.436467662307669,0,shallow_03-04-2024_10-46.mp4
-1.471012355492325,4.266666666666667,0.2497169673094488,-1.2212953881828759,0.4,-0.07237971354357597,1.0844513135247265,0,shallow_03-04-2024_10-46.mp4
1.5078800346137942,21.733333333333334,-0.7810409801573361,0.726839054456458,0.9333333333333333,-0.04570721102478714,1.1743671152929371,0,shallow_03-04-2024_10-46.mp4
-0.8568480355277364,93.86666666666666,-1.230083174121715,-2.0869312096494514,0.4,0.017161553901306803,1.1099277134838348,0,shallow_03-04-2024_10-46.mp4
1.0337444051889046,94.33333333333333,-2.0636479189753754,-1.0299035137864707,0.4,-0.038825091343255735,1.2155346927907482,0,shallow_03-04-2024_10-46.mp4
1.026246800262319,95.13333333333334,-1.3455519866367704,-0.3193051863744514,0.5333333333333333,-0.13718488570176746,1.165632810625242,0,shallow_03-04-2024_10-46.mp4
2.4774548523123823,97.4,-0.921677459510633,1.5557773928017493,2.0,-0.5308870759353788,1.238268662474388,0,shallow_03-04-2024_10-46.mp4
-1.6350078147457119,124.4,1.5503575729898271,-0.08465024175588498,1.1333333333333333,-0.36948982567614763,1.026100983942074,0,shallow_03-04-2024_10-46.mp4
-1.564755353302974,262.0,0.5505375837569533,-1.014217769546021,0.6666666666666666,-0.11594463119510579,1.2594107132446386,0,shallow_03-04-2024_10-46.mp4
2.9588889712324247,262.73333333333335,-1.016390283386543,1.942498687845882,0.7333333333333333,0.008771697184862148,1.6435542344361262,0,shallow_03-04-2024_10-46.mp4
1.9091464251804782,380.8,0.028435622514989767,1.937582047695468,0.6666666666666666,0.004855490355659242,1.3185621537726258,0,shallow_03-04-2024_10-46.mp4
-0.7315254848731385,0.4666666666666667,-1.5146338281423368,-2.2461593130154753,0.3333333333333333,0.05738755162402498,1.1531428721772408,0,shallow_03-04-2024_10-01.mp4
1.159539692802113,0.9333333333333333,-2.2135716953059603,-1.0540320025038472,0.4,-0.06831926300326074,1.179728906995177,0,shallow_03-04-2024_10-01.mp4
-0.9848462250335697,1.6,-1.057025953216991,-2.0418721782505607,0.8666666666666667,0.03910354555538831,1.1170857684502131,0,shallow_03-04-2024_10-01.mp4
2.1355283332201473,6.866666666666666,-2.0606221987153255,0.07490613450482186,1.2666666666666666,-0.12626417175847138,1.5609940200226646,0,shallow_03-04-2024_10-01.mp4
-0.8069195445815378,11.933333333333334,-0.9071255193551195,-1.7140450639366573,0.4,0.023755850513961008,1.1199355367373185,0,shallow_03-04-2024_10-01.mp4
1.0844859288225566,12.4,-1.7263502613760888,-0.6418643325535323,0.4,-0.07186059904928754,1.2609349241534562,0,shallow_03-04-2024_10-01.mp4
1.7223433501861543,14.6,-1.3566146421953427,0.3657287079908116,0.8666666666666667,-0.15839522348813873,1.202647667195953,0,shallow_03-04-2024_10-01.mp4
-1.5274854719323283,15.533333333333333,0.3189046644482474,-1.208580807484081,0.8666666666666667,-0.16797214700236296,1.1117130504403046,0,shallow_03-04-2024_10-01.mp4
0.832035404235576,78.93333333333334,1.0109392878564627,1.8429746920920387,0.4,-0.05187890975620846,1.2274301883751153,0,shallow_03-04-2024_10-01.mp4
-0.9170331009460728,79.4,1.920978731362018,1.003945630415945,0.4666666666666667,-0.04019870707887563,1.689951596171527,0,shallow_03-04-2024_10-01.mp4
1.7116736765873615,82.33333333333333,-0.16832217330354737,1.543351503283814,0.8666666666666667,0.012986320095532022,1.4627640107620299,0,shallow_03-04-2024_10-01.mp4
-0.8033102089137802,84.2,1.6676370363928843,0.864326827479104,0.4666666666666667,-0.06810912385861556,1.1740239360668057,0,shallow_03-04-2024_10-01.mp4
0.6750349959403028,84.73333333333333,0.8905646144752186,1.5655996104155214,0.4,0.018780549260345225,1.3225847584895938,0,shallow_03-04-2024_10-01.mp4
3.9166830305247764,88.06666666666666,-0.2640493865374829,-2.6305516631922927,1.3333333333333333,0.14223896085428933,1.483433608136184,0,shallow_03-04-2024_10-01.mp4
1.1646815129229982,92.8,0.33419897338630555,1.4988804863093037,0.5333333333333333,-0.02000776391846415,1.191725158061389,0,shallow_03-04-2024_10-01.mp4
0.9599338510034592,118.13333333333334,0.27543207935353564,1.2353659303569948,0.6,0.018114694627303862,1.005686498841711,0,shallow_03-04-2024_10-01.mp4
1.1443288889459673,140.13333333333333,-0.17223127149215145,0.9720976174538158,0.6,-0.010016938262335628,1.0063317825140274,0,shallow_03-04-2024_10-01.mp4
-2.0849670933537325,141.2,0.9789119086058982,-1.1060551847478344,1.4,-0.4185667004476805,1.142431559669424,0,shallow_03-04-2024_10-01.mp4
1.2981844440746624,143.66666666666666,-1.1283664307530206,0.16981801332164181,0.8666666666666667,-0.2979082925950607,1.1260875620969302,0,shallow_03-04-2024_10-01.mp4
1.4860004380928018,336.2,0.1760117234662708,1.6620121615590726,0.6666666666666666,0.01285057591969263,1.0578724628141836,0,gradient_10-28-2020_17-39.mp4
1.0708558226616791,337.2,1.3146678760076629,2.385523698669342,0.4666666666666667,0.03166267934606637,1.3228822309447412,0,gradient_10-28-2020_17-39.mp4
-2.3682773301457534,337.8666666666667,2.3627421938234257,-0.005535136322327716,0.6666666666666666,-0.10049698864326473,1.0401831812460167,0,gradient_10-28-2020_17-39.mp4
1.6675625330242507,338.6666666666667,0.048594238018225155,1.7161567710424759,0.8666666666666667,0.00803550025283073,1.0538074389433816,0,gradient_10-28-2020_17-39.mp4
0.8624119851151324,339.73333333333335,1.4681631862682707,2.330575171383403,0.4666666666666667,0.05080182137723099,1.0555355353588063,0,gradient_10-28-2020_17-39.mp4
2.860935728982094,364.6666666666667,-1.0489896606672264,1.8119460683148674,2.4,-0.011919213573921894,1.2807516719176253,0,gradient_10-28-2020_17-39.mp4
1.450122077422007,522.6666666666666,-2.4145219344241937,-0.9643998570021868,1.4666666666666666,-0.0834514031209217,1.1823107237729482,0,gradient_10-28-2020_17-39.mp4
2.9494216324896936,536.5333333333333,-1.13834613070404,1.8110755017856537,1.9333333333333333,-0.09086418594626977,1.2644657842581968,0,gradient_10-28-2020_17-39.mp4
-1.078884437884934,690.0,2.1065360129966493,1.0276515751117152,0.6,-0.06869778236335122,1.166992739898197,0,gradient_10-28-2020_17-39.mp4
1.1861397801899258,24.2,-0.803135659643182,0.3830041205467438,0.6666666666666666,-0.06439530167271812,1.0155487640296261,0,shallow_02-26-2024_12-40.mp4
-1.6860358219259766,93.06666666666666,1.6483665155547094,-0.0376693063712672,0.6,-0.05317228278832076,1.113546656433701,0,shallow_02-26-2024_12-40.mp4
2.0781735951663265,596.9333333333333,-0.8234597254214648,1.2547138697448617,1.2,-0.03119543372439182,1.0523435983643579,0,gradient_10-28-2020_16-33.mp4
-4.189003537157095,12.533333333333333,-2.352901165024049,-0.25871939500155783,0.7333333333333333,0.1058965369453091,1.4048376076392228,0,gradient_10-21-2020_16-55.mp4
1.5177278774784722,242.26666666666668,-1.681676067509842,-0.16394819003136973,1.2666666666666666,-0.20920713876110497,1.020925808157442,0,gradient_10-21-2020_16-55.mp4
-3.8924079343817533,649.2,1.157233819316989,-2.7351741150647637,1.7333333333333334,-0.06969982034245703,4.492551010864579,0,gradient_10-21-2020_16-55.mp4
-1.5882071317991429,18.466666666666665,0.031175464720881507,-1.5570316670782622,1.2666666666666666,-0.013288196059242807,1.093949372131195,0,shallow_02-26-2024_09-30.mp4
-1.2671482816147208,21.933333333333334,2.9039603560239495,1.636812074409229,0.8666666666666667,0.1348184899068734,1.1749396344427308,0,shallow_02-26-2024_09-30.mp4
-1.9575671499455751,68.2,-2.378900318681005,1.9467178385530062,0.6666666666666666,0.17962322789311713,1.530751118285796,0,shallow_02-26-2024_09-30.mp4
2.170064845976764,68.93333333333334,1.9477754092078419,-2.16534505199498,0.7333333333333333,0.06625774265739182,1.244743738314719,0,shallow_02-26-2024_09-30.mp4
-1.952799432607165,93.13333333333334,1.3427596581254644,-0.6100397744817005,1.4666666666666666,-0.42126524339415994,1.0677231937932887,0,shallow_03-04-2024_11-07.mp4
-0.8790826748673455,99.2,0.3994722917382205,-0.47961038312912496,0.5333333333333333,-0.10988427802159251,1.1041515542192484,0,shallow_03-04-2024_11-07.mp4
-1.1294683869473143,101.2,0.5857873238455884,-0.5436810631017259,0.7333333333333333,-0.05334848389760438,1.0101286188114618,0,shallow_03-04-2024_11-07.mp4
1.3203330768711865,0.2,-2.971137653885158,-1.6508045770139752,0.4666666666666667,-0.010951103679659013,1.030864263551083,0,gradient_11-04-2020_17-50.mp4
-4.012593935048287,19.4,-2.6215819315801383,-0.3509905594488387,1.5333333333333334,-0.09802810027977671,1.831943587796996,0,gradient_11-04-2020_17-50.mp4
-0.7391924578787368,20.733333333333334,0.03929469829692067,-0.6998977595818161,0.3333333333333333,-0.02092510794736313,1.1718932865018459,0,gradient_11-04-2020_17-50.mp4
-2.56347831717747,22.2,1.6149890109554832,-0.9484893062219868,1.2,-0.20443560927147075,1.1200566640812448,0,gradient_11-04-2020_17-50.mp4
-1.079173671140115,23.733333333333334,-0.06501704737594238,-1.1441907185160574,0.6666666666666666,-0.009635509808049392,1.042084734438411,0,gradient_11-04-2020_17-50.mp4
-1.9525987790767516,26.8,2.5033962303202557,0.5507974512435041,0.9333333333333333,-0.10162061029105374,1.2285265252757271,0,gradient_11-04-2020_17-50.mp4
2.945050724102714,28.0,0.5230811474865718,-2.8150534355903005,1.4,0.11169494728419949,1.3694386577230695,0,gradient_11-04-2020_17-50.mp4
6.532788745624341,41.733333333333334,-2.8169387910962413,-2.5673353526514866,1.6,0.08659807706788314,3.4604759880360687,0,gradient_11-04-2020_17-50.mp4
3.6112086409108954,44.4,-1.9628670678414757,1.6483415730694269,0.9333333333333333,-0.1206443359406606,1.362308972728012,0,gradient_11-04-2020_17-50.mp4
-2.460191490230521,47.4,0.7077491992795011,-1.752442290951013,0.9333333333333333,-0.05013551754343837,2.0262121673030427,0,gradient_11-04-2020_17-50.mp4
1.1420205948494662,48.13333333333333,-1.7405924588526638,-0.5985718640031941,0.4,-0.07632599242607085,1.072074279508264,0,gradient_11-04-2020_17-50.mp4
-2.044765337961998,48.8,-0.5166470171224269,-2.561412355084421,0.8666666666666667,0.10929379853152454,1.2845077339709745,0,gradient_11-04-2020_17-50.mp4
1.1980683422220153,49.6,-2.5653667784608203,-1.3672984362388014,0.6,-0.045167568488487575,1.01747999744246,0,gradient_11-04-2020_17-50.mp4
1.2295901424676998,50.53333333333333,-1.7736004078424834,-0.5440102653747836,0.4,-0.08340733910418408,1.1613400707245916,0,gradient_11-04-2020_17-50.mp4
-1.2164085340622535,118.86666666666666,2.289669337445911,1.0732608033836577,0.9333333333333333,-0.048653781501148075,1.1030398029029878,0,gradient_11-04-2020_17-50.mp4
2.46631812794444,120.06666666666666,1.0955643577135667,-2.721302821521572,1.4,0.20528755867005444,1.0858894378222945,0,gradient_11-04-2020_17-50.mp4
1.0494467103626448,124.53333333333333,-3.0610795852653574,-2.0116328749027126,0.5333333333333333,0.09619532347385729,1.0734278343120212,0,gradient_11-04-2020_17-50.mp4
-1.075756528434118,0.3333333333333333,-0.27968065878894244,-1.3554371872230604,0.7333333333333333,-0.020377772333269206,1.0970176221639565,0,gradient_10-21-2020_17-43.mp4
1.146937710966844,1.0666666666666667,-1.383145964211094,-0.23620825324425,0.6,-0.14511317343619012,1.1302153148228262,0,gradient_10-21-2020_17-43.mp4
1.1174875943827551,3.7333333333333334,-0.020998942561174516,1.0964886518215806,0.6,-0.04310675360283511,1.0368288268623325,0,gradient_10-21-2020_17-43.mp4
-1.8494561624483445,4.533333333333333,1.120122069174851,-0.7293340932734935,0.8,-0.07597696033804269,1.328318801023429,0,gradient_10-21-2020_17-43.mp4
1.5042319258599495,5.333333333333333,-0.7035275224055226,0.8007044034544286,0.7333333333333333,-0.07443738069319394,1.0784734287330076,0,gradient_10-21-2020_17-43.mp4
0.831366188811046,6.6,0.3756600496694986,1.2070262384805446,0.4,-0.040306760472258674,1.12246668322517,0,gradient_10-21-2020_17-43.mp4
-1.2495507838787425,7.133333333333334,1.2597993574493422,0.010248573570599717,0.6,-0.11893724686539642,1.123064382903021,0,gradient_10-21-2020_17-43.mp4
1.1814068265642952,7.8,0.03203078257773839,1.2134376091420336,0.6,-0.02236037248366074,1.153844042371164,0,gradient_10-21-2020_17-43.mp4
-1.031419929853472,8.866666666666667,1.2941181810497149,0.2626982511962428,0.4666666666666667,-0.08319418406577483,1.221398227291851,0,gradient_10-21-2020_17-43.mp4
1.160795684692964,9.466666666666667,0.24604371490895005,1.406839399601914,0.6,0.0025197208555347572,1.0268144791508933,0,gradient_10-21-2020_17-43.mp4
-1.170998596923857,13.533333333333333,0.9581081051067528,-0.21289049181710418,0.6666666666666666,-0.014503840125360767,1.1767826080613164,0,gradient_10-21-2020_17-43.mp4
1.7652048173992014,21.0,-0.2851839293692251,1.4800208880299763,2.533333333333333,-0.4836380286230373,1.2993214485765876,0,gradient_10-21-2020_17-43.mp4
1.7462085499327067,44.93333333333333,-1.225313970214252,0.5208945797184548,0.8666666666666667,-0.09531093968250204,1.0104924812441274,0,gradient_11-04-2020_15-36.mp4
1.158527511121715,59.733333333333334,0.6082984939355036,1.7668260050572187,0.8,0.04485016943376863,1.0128418592443404,0,gradient_11-04-2020_15-36.mp4
1.0583841249768735,62.266666666666666,0.5794715358175502,1.6378556607944255,1.2666666666666666,0.031238862451868243,1.183399992884062,0,gradient_11-04-2020_15-36.mp4
-2.4613014117801413,102.0,1.1116218427687556,-1.3496795690113856,1.3333333333333333,-0.18534525446873573,1.515033874623172,0,gradient_11-04-2020_15-36.mp4
-1.0916498587766572,104.53333333333333,-0.4218767890445019,-1.513526647821159,0.7333333333333333,0.0288367487820409,1.0287987891670323,0,gradient_11-04-2020_15-36.mp4
-4.133734073368571,136.6,-1.6294366481744458,0.5200145856365701,1.9333333333333333,-0.055055617309744065,1.321808204767948,0,gradient_11-04-2020_15-36.mp4
1.3682007661937448,142.6,-0.7657395085299257,0.6024612576638191,0.9333333333333333,-0.15285669034999216,1.00600234131382,0,gradient_11-04-2020_15-36.mp4
1.1210300297024656,168.8,-0.32201233531794493,0.7990176943845206,0.8666666666666667,-0.30786657695272623,1.0804370532932634,0,gradient_11-04-2020_15-36.mp4
-2.743349307911,82.6,-2.2712883309493126,1.2685476683192736,0.6666666666666666,-0.01835845599366337,1.2778015765663948,0,shallow_02-27-2024_15-07.mp4
-1.6906945624041576,91.4,-1.577457893737007,3.0150328510384217,0.8666666666666667,0.08931586857873697,1.5043641360736346,0,shallow_02-27-2024_15-07.mp4
2.9229349583387965,92.53333333333333,2.928626021587636,-0.4316243272531537,1.2,-0.03019829951742281,1.4807161853600335,0,shallow_02-27-2024_15-07.mp4
-2.451883524457962,93.66666666666667,-0.43249418540765383,-2.884377709865616,0.9333333333333333,0.11553931326741917,1.4364728792948482,0,shallow_02-27-2024_15-07.mp4
-2.112584486064854,105.6,1.6077653856735346,-0.5048191003913196,0.9333333333333333,-0.27586720621445693,1.3151591573491226,0,shallow_02-27-2024_15-07.mp4
-1.177043373537515,7.6,1.65131081013826,0.4742674366007451,0.4666666666666667,-0.05616977369802001,1.115606843244515,0,gradient_10-22-2020_18-09.mp4
1.1505386617765083,8.2,0.49205957803752387,1.6425982398140322,0.6,0.02975114233134235,1.026458934065744,0,gradient_10-22-2020_18-09.mp4
-0.8481064017903615,10.533333333333333,1.7680454626894937,0.9199390608991322,0.4666666666666667,-0.05367712026960447,1.0483134246450283,0,gradient_10-22-2020_18-09.mp4
1.0244761953358896,292.73333333333335,-1.1986377355131772,-0.17416154017728758,0.6666666666666666,-0.11426094314970925,1.0978539321543346,0,gradient_10-22-2020_18-09.mp4
-1.7929154552501743,294.93333333333334,-0.25297026317135973,-2.045885718421534,1.2,0.06152988376801716,1.2356833159846616,0,gradient_10-22-2020_18-09.mp4
1.5185042251517205,0.6666666666666666,0.10172369129404046,1.6202279164457618,0.5333333333333333,-0.004620950241271515,1.2987921166274454,0,shallow_03-04-2024_10-23.mp4
-2.8118770547580425,1.4666666666666666,1.6751155211596718,-1.1367615335983707,0.9333333333333333,-0.14534482502671153,1.1599830324066647,0,shallow_03-04-2024_10-23.mp4
1.9791059943087301,2.6,-1.15517090379619,0.8239350905125402,1.2666666666666666,-0.24257246696153345,1.2805733785159965,0,shallow_03-04-2024_10-23.mp4
1.1774795978405947,62.733333333333334,-0.06326843884176547,1.1142111589988293,0.7333333333333333,-0.18914454425663507,1.1450395592216913,0,shallow_03-04-2024_10-23.mp4
1.3482477125308017,2.8666666666666667,-0.21304191167270492,1.1352058008580963,0.9333333333333333,-0.0004960035098164894,1.0468269630071958,0,shallow_03-04-2024_13-00.mp4
-1.0967532562750248,23.8,-1.4545171622828201,-2.551270418557845,0.4,0.04444475364185507,1.3540147166589265,0,shallow_03-04-2024_13-00.mp4
-4.10130659149908,26.733333333333334,-2.225118635555095,-0.043239919874588306,0.6666666666666666,-0.08647874123112587,1.6944173784317094,0,shallow_03-04-2024_13-00.mp4
2.0179596609428883,27.933333333333334,-0.04549049438673913,1.9724691665561487,1.6666666666666667,0.04914805623347718,1.238020307940873,0,shallow_03-04-2024_13-00.mp4
-0.5148400356383228,30.733333333333334,0.7360137800266822,0.22117374438835924,0.3333333333333333,-0.04818572027387802,1.3028558542158963,0,shallow_03-04-2024_13-00.mp4
3.60038401812264,31.8,-0.032006153625456335,-2.714807442682403,1.6,0.15095790159735145,1.952435453418801,0,shallow_03-04-2024_13-00.mp4
0.9899123060843245,34.333333333333336,-2.9531068672052987,-1.9631945611209742,0.5333333333333333,0.02289588713872348,1.1530325189842496,0,shallow_03-04-2024_13-00.mp4
1.422053373601634,35.8,-2.797014381693124,-1.3749610080914891,0.4666666666666667,-0.03500363679952301,1.1805514074216326,0,shallow_03-04-2024_13-00.mp4
-1.1801225552058607,36.333333333333336,-1.3906715602768127,-2.5707941154826734,0.4,0.06842090356634145,1.023635880304706,0,shallow_03-04-2024_13-00.mp4
1.2615827601274752,43.86666666666667,-0.13002369562019878,1.1315590645072762,0.4,-0.03410195484539713,1.3811288129122745,0,shallow_03-04-2024_13-00.mp4
-1.5090057474104803,44.4,1.1592534114043254,-0.34975233600615496,0.5333333333333333,-0.09465268101382662,1.0726532111959153,0,shallow_03-04-2024_13-00.mp4
1.3189896602955877,45.0,-0.3121998703692497,1.006789789926338,0.6,-0.1471704839689565,1.123666478241351,0,shallow_03-04-2024_13-00.mp4
-2.337717224039028,45.733333333333334,0.9078114919407865,-1.4299057320982413,0.6666666666666666,-0.0727641647963182,1.0482786376086692,0,shallow_03-04-2024_13-00.mp4
1.423216989079978,48.86666666666667,-1.1005905802084248,0.32262640887155314,0.4666666666666667,-0.0617138653580227,1.0860729988399065,0,shallow_03-04-2024_13-00.mp4
-1.3630363304706539,49.666666666666664,0.3840992710345481,-0.978937059436106,1.0,-0.19722431476979452,1.0340890237238032,0,shallow_03-04-2024_13-00.mp4
8.446167600602777,51.06666666666667,-0.9986589099520482,1.1643233834711424,1.6666666666666667,-0.13043254030050022,2.772189686041865,0,shallow_03-04-2024_13-00.mp4
-1.8651361673748221,52.666666666666664,1.131785296999361,-0.7333508703754603,1.4,-0.2199103225466672,1.2807621070015265,0,shallow_03-04-2024_13-00.mp4
-1.2560461972085895,57.93333333333333,-0.06687337691067441,-1.3229195741192648,0.6,-0.06332557150724227,1.2443484910844576,0,shallow_03-04-2024_13-00.mp4
-1.6280537951635692,63.266666666666666,-0.45568930983783673,-2.083743105001407,1.7333333333333334,0.03825679628167222,1.0554299318352154,0,shallow_03-04-2024_13-00.mp4
1.3955549839410253,66.33333333333333,-2.129465766315768,-0.7339107823747426,0.6666666666666666,-0.0713460328191502,1.2552173577684413,0,shallow_03-04-2024_13-00.mp4
-0.8608249978784421,88.73333333333333,-0.5074393355291065,-1.3682643334075486,0.4666666666666667,-0.016388065504781224,1.3209556895218593,0,shallow_03-04-2024_13-00.mp4
-0.9150748468426126,174.66666666666666,0.979713918906782,0.06463907206416764,0.5333333333333333,-0.07463909896703314,1.1473750964119014,0,shallow_03-04-2024_13-00.mp4
1.4080667177381452,178.6,-0.4850118287933789,0.9230548889447672,0.6666666666666666,-0.07571813343895784,1.1321983046238202,0,shallow_03-04-2024_13-00.mp4
2.043873616223877,9.6,1.3076396822670704,-2.931672008688638,1.8,0.15481863530651196,1.0654957793193685,0,shallow_02-27-2024_10-12.mp4
-3.813711282636386,13.466666666666667,0.17577651263907423,2.6452505371822745,1.5333333333333334,0.1572546213584758,1.431330581993534,0,shallow_02-27-2024_10-12.mp4
1.4515836949200263,14.666666666666666,2.62058068695808,-2.21102092530148,0.7333333333333333,0.029287156454046226,1.2925204073160075,0,shallow_02-27-2024_10-12.mp4
-0.9745587313398549,17.733333333333334,-2.20433473223505,3.104291843604681,0.7333333333333333,0.08999970193796258,1.078242278591189,0,shallow_02-27-2024_10-12.mp4
1.2372877989778246,19.266666666666666,2.3163650176075725,-2.729532490594189,0.6,0.15051010635343687,1.1300895741593988,0,shallow_02-27-2024_10-12.mp4
-4.868004063840189,30.733333333333334,-2.1940970348579336,-0.7789157915185365,0.7333333333333333,-0.10301700345624454,2.149778496901932,0,shallow_02-27-2024_10-12.mp4
-4.4627188394177075,35.0,-0.10929767131537149,1.7111687964465068,0.6666666666666666,0.07031394984891648,1.7625166196238449,0,shallow_02-27-2024_10-12.mp4
1.025788043963677,35.666666666666664,1.608994754012663,2.6347827979763405,0.5333333333333333,0.07212695935952596,1.072042936463533,0,shallow_02-27-2024_10-12.mp4
1.4952541940351596,37.0,2.5550712938812667,-2.23285981926316,1.1333333333333333,0.15147696095777619,1.0362769632715978,0,shallow_02-27-2024_10-12.mp4
-0.9324387652486932,40.266666666666666,-2.2867363814007144,3.064010160530179,0.4666666666666667,0.18382082618976625,1.161527085958638,0,shallow_02-27-2024_10-12.mp4
-1.8903982622329307,41.333333333333336,-2.6610691760346734,1.731717868911982,0.8,0.1487352977481713,1.244752451161607,0,shallow_02-27-2024_10-12.mp4
5.874590711580929,42.666666666666664,1.7083195008760832,1.2997249052774258,1.8,0.26568652694491135,1.5809139642166932,0,shallow_02-27-2024_10-12.mp4
2.3614608515648494,45.06666666666667,0.5972789396424774,2.9587397912073268,1.2,0.008248181718606418,1.6849564438521258,0,shallow_02-27-2024_10-12.mp4
1.0207780359169183,46.333333333333336,2.199393110719332,-3.063014160543336,0.3333333333333333,0.0566355256439266,1.4523822709551963,0,shallow_02-27-2024_10-12.mp4
-1.7400356277575484,46.86666666666667,-3.0761146856945354,1.467034993727502,0.5333333333333333,-0.01920504049964933,1.9726721527572213,0,shallow_02-27-2024_10-12.mp4
1.737262500247025,48.4,-1.6311429735300005,0.10611952671702429,0.4666666666666667,-0.04230982822993212,1.3207372942729696,0,shallow_02-27-2024_10-12.mp4
-1.8127695681110834,49.0,0.13636737855566494,-1.6764021895554184,0.6,-0.06839832074277297,1.0902762494662035,0,shallow_02-27-2024_10-12.mp4
0.8164818203546185,50.86666666666667,-1.3906799711801074,-0.574198150825489,0.3333333333333333,-0.06428586056545171,1.056358793541058,0,shallow_02-27-2024_10-12.mp4
1.645185424639225,52.6,-2.244030367194747,-0.5988449425555222,0.5333333333333333,-0.047067077057604934,1.570836412659233,0,shallow_02-27-2024_10-12.mp4
-1.0978362977940401,53.86666666666667,-0.35887557312654783,-1.456711870920588,0.6666666666666666,-0.08432761548531431,1.064223888077051,0,shallow_02-27-2024_10-12.mp4
2.928837389955703,55.46666666666667,-1.5652333475205524,1.36360404243515,0.8,-0.18563033896334602,1.280621747477894,0,shallow_02-27-2024_10-12.mp4
-1.2958668178937545,56.13333333333333,1.3560705137284907,0.060203695834736504,0.4,-0.12788508165996149,1.0174749554272884,0,shallow_02-27-2024_10-12.mp4
-1.4349213767005125,60.2,0.38159894139206063,-1.0533224353084516,0.8666666666666667,-0.2301634491642801,1.1175076877427066,0,shallow_02-27-2024_10-12.mp4
1.0343112021473466,70.66666666666667,-0.9626487065052305,0.07166249564211613,0.6,-0.05746238585560448,1.0220473487128148,0,shallow_02-27-2024_10-12.mp4
